,cell_type_x,patient,Unstacked,cell_type_y,condition
0,01_B,XAUT1-HS1,17.130144605116797,03_CD4 T,HC
1,01_B,XAUT1-HS10,13.121629718394248,10_CD16 Nonclassical monocytes,UCV
2,01_B,XAUT1-HS11,14.15752741774676,04_Treg,UCV
3,01_B,XAUT1-HS12,2.3003194888178915,06_CD8 T,UCV
4,01_B,XAUT1-HS2,3.653846153846154,07_gd T cells,HC
5,01_B,XAUT1-HS3,14.714537963507945,02_Plasmablasts,HC
6,01_B,XAUT1-HS4,8.574673480976717,03_CD4 T,HC
7,01_B,XAUT1-HS6,5.354058721934369,09_CD14 classical monocytes,UCNB
8,01_B,XAUT1-HS7,7.894736842105263,13_Platelets,UCNB
9,01_B,XAUT1-HS8,13.051305130513052,14_Erythrocytes,UCNB
10,01_B,XAUT1-HS9,12.423625254582484,09_CD14 classical monocytes,UCV
11,02_Plasmablasts,XAUT1-HS1,0.22246941045606228,03_CD4 T,HC
12,02_Plasmablasts,XAUT1-HS10,0.11983223487118035,10_CD16 Nonclassical monocytes,UCV
13,02_Plasmablasts,XAUT1-HS11,0.7976071784646062,04_Treg,UCV
14,02_Plasmablasts,XAUT1-HS12,0.06389776357827476,06_CD8 T,UCV
15,02_Plasmablasts,XAUT1-HS2,0.22435897435897434,07_gd T cells,HC
16,02_Plasmablasts,XAUT1-HS3,0.2942907592701589,02_Plasmablasts,HC
17,02_Plasmablasts,XAUT1-HS4,0.2839295854628052,03_CD4 T,HC
18,02_Plasmablasts,XAUT1-HS6,1.0362694300518136,09_CD14 classical monocytes,UCNB
19,02_Plasmablasts,XAUT1-HS7,0.6791171477079796,13_Platelets,UCNB
20,02_Plasmablasts,XAUT1-HS8,0.6300630063006301,14_Erythrocytes,UCNB
21,02_Plasmablasts,XAUT1-HS9,0.8146639511201629,09_CD14 classical monocytes,UCV
22,03_CD4 T,XAUT1-HS1,4.671857619577309,03_CD4 T,HC
23,03_CD4 T,XAUT1-HS10,16.536848412222888,10_CD16 Nonclassical monocytes,UCV
24,03_CD4 T,XAUT1-HS11,24.426719840478565,04_Treg,UCV
25,03_CD4 T,XAUT1-HS12,10.351437699680512,06_CD8 T,UCV
26,03_CD4 T,XAUT1-HS2,23.846153846153847,07_gd T cells,HC
27,03_CD4 T,XAUT1-HS3,21.4832254267216,02_Plasmablasts,HC
28,03_CD4 T,XAUT1-HS4,29.415105053946622,03_CD4 T,HC
29,03_CD4 T,XAUT1-HS6,17.962003454231436,09_CD14 classical monocytes,UCNB
30,03_CD4 T,XAUT1-HS7,21.137521222410864,13_Platelets,UCNB
31,03_CD4 T,XAUT1-HS8,18.901890189018903,14_Erythrocytes,UCNB
32,03_CD4 T,XAUT1-HS9,30.95723014256619,09_CD14 classical monocytes,UCV
33,04_Treg,XAUT1-HS1,0.33370411568409347,03_CD4 T,HC
34,04_Treg,XAUT1-HS10,2.756141402037148,10_CD16 Nonclassical monocytes,UCV
35,04_Treg,XAUT1-HS11,3.1904287138584246,04_Treg,UCV
36,04_Treg,XAUT1-HS12,1.5974440894568689,06_CD8 T,UCV
37,04_Treg,XAUT1-HS2,1.5384615384615385,07_gd T cells,HC
38,04_Treg,XAUT1-HS3,1.7068864037669218,02_Plasmablasts,HC
39,04_Treg,XAUT1-HS4,2.72572402044293,03_CD4 T,HC
40,04_Treg,XAUT1-HS6,1.0074841681059297,09_CD14 classical monocytes,UCNB
41,04_Treg,XAUT1-HS7,1.9100169779286926,13_Platelets,UCNB
42,04_Treg,XAUT1-HS8,1.6201620162016201,14_Erythrocytes,UCNB
43,04_Treg,XAUT1-HS9,1.7651052274270198,09_CD14 classical monocytes,UCV
44,05_MAIT,XAUT1-HS1,0.11123470522803114,03_CD4 T,HC
45,05_MAIT,XAUT1-HS10,1.6177351707609346,10_CD16 Nonclassical monocytes,UCV
46,05_MAIT,XAUT1-HS11,0.5982053838484547,04_Treg,UCV
47,05_MAIT,XAUT1-HS12,0.3194888178913738,06_CD8 T,UCV
48,05_MAIT,XAUT1-HS2,7.6923076923076925,07_gd T cells,HC
49,05_MAIT,XAUT1-HS3,1.9423190111830488,02_Plasmablasts,HC
50,05_MAIT,XAUT1-HS4,3.0096536059057355,03_CD4 T,HC
51,05_MAIT,XAUT1-HS6,2.734599884858952,09_CD14 classical monocytes,UCNB
52,05_MAIT,XAUT1-HS7,0.5517826825127334,13_Platelets,UCNB
53,05_MAIT,XAUT1-HS8,1.17011701170117,14_Erythrocytes,UCNB
54,05_MAIT,XAUT1-HS9,4.684317718940937,09_CD14 classical monocytes,UCV
55,06_CD8 T,XAUT1-HS1,10.567296996662959,03_CD4 T,HC
56,06_CD8 T,XAUT1-HS10,6.530856800479329,10_CD16 Nonclassical monocytes,UCV
57,06_CD8 T,XAUT1-HS11,6.281156530408774,04_Treg,UCV
58,06_CD8 T,XAUT1-HS12,40.766773162939295,06_CD8 T,UCV
59,06_CD8 T,XAUT1-HS2,11.794871794871794,07_gd T cells,HC
60,06_CD8 T,XAUT1-HS3,18.952324896998235,02_Plasmablasts,HC
61,06_CD8 T,XAUT1-HS4,12.208972174900625,03_CD4 T,HC
62,06_CD8 T,XAUT1-HS6,17.213586643638457,09_CD14 classical monocytes,UCNB
63,06_CD8 T,XAUT1-HS7,22.62308998302207,13_Platelets,UCNB
64,06_CD8 T,XAUT1-HS8,7.110711071107111,14_Erythrocytes,UCNB
65,06_CD8 T,XAUT1-HS9,7.875084860828243,09_CD14 classical monocytes,UCV
66,07_gd T cells,XAUT1-HS1,0.44493882091212456,03_CD4 T,HC
67,07_gd T cells,XAUT1-HS10,0.35949670461354105,10_CD16 Nonclassical monocytes,UCV
68,07_gd T cells,XAUT1-HS11,1.1964107676969093,04_Treg,UCV
69,07_gd T cells,XAUT1-HS12,0.06389776357827476,06_CD8 T,UCV
70,07_gd T cells,XAUT1-HS2,2.8846153846153846,07_gd T cells,HC
71,07_gd T cells,XAUT1-HS3,1.2360211889346673,02_Plasmablasts,HC
72,07_gd T cells,XAUT1-HS4,2.8960817717206133,03_CD4 T,HC
73,07_gd T cells,XAUT1-HS6,0.9499136442141624,09_CD14 classical monocytes,UCNB
74,07_gd T cells,XAUT1-HS7,0.38200339558573854,13_Platelets,UCNB
75,07_gd T cells,XAUT1-HS8,0.09000900090009001,14_Erythrocytes,UCNB
76,07_gd T cells,XAUT1-HS9,3.122878479293958,09_CD14 classical monocytes,UCV
77,08_NK,XAUT1-HS1,1.0011123470522802,03_CD4 T,HC
78,08_NK,XAUT1-HS10,14.679448771719592,10_CD16 Nonclassical monocytes,UCV
79,08_NK,XAUT1-HS11,7.377866400797608,04_Treg,UCV
80,08_NK,XAUT1-HS12,13.738019169329075,06_CD8 T,UCV
81,08_NK,XAUT1-HS2,15.801282051282051,07_gd T cells,HC
82,08_NK,XAUT1-HS3,10.712183637433785,02_Plasmablasts,HC
83,08_NK,XAUT1-HS4,9.7671777399205,03_CD4 T,HC
84,08_NK,XAUT1-HS6,18.65284974093264,09_CD14 classical monocytes,UCNB
85,08_NK,XAUT1-HS7,13.242784380305602,13_Platelets,UCNB
86,08_NK,XAUT1-HS8,12.871287128712872,14_Erythrocytes,UCNB
87,08_NK,XAUT1-HS9,7.128309572301425,09_CD14 classical monocytes,UCV
88,09_CD14 classical monocytes,XAUT1-HS1,48.16462736373748,03_CD4 T,HC
89,09_CD14 classical monocytes,XAUT1-HS10,27.08208508088676,10_CD16 Nonclassical monocytes,UCV
90,09_CD14 classical monocytes,XAUT1-HS11,17.347956131605187,04_Treg,UCV
91,09_CD14 classical monocytes,XAUT1-HS12,22.17252396166134,06_CD8 T,UCV
92,09_CD14 classical monocytes,XAUT1-HS2,18.461538461538463,07_gd T cells,HC
93,09_CD14 classical monocytes,XAUT1-HS3,16.53914067098293,02_Plasmablasts,HC
94,09_CD14 classical monocytes,XAUT1-HS4,21.465076660988075,03_CD4 T,HC
95,09_CD14 classical monocytes,XAUT1-HS6,22.481289579735176,09_CD14 classical monocytes,UCNB
96,09_CD14 classical monocytes,XAUT1-HS7,15.152801358234294,13_Platelets,UCNB
97,09_CD14 classical monocytes,XAUT1-HS8,30.063006300630065,14_Erythrocytes,UCNB
98,09_CD14 classical monocytes,XAUT1-HS9,18.6693822131704,09_CD14 classical monocytes,UCV
99,10_CD16 Nonclassical monocytes,XAUT1-HS1,13.125695216907676,03_CD4 T,HC
100,10_CD16 Nonclassical monocytes,XAUT1-HS10,12.162971839424804,10_CD16 Nonclassical monocytes,UCV
101,10_CD16 Nonclassical monocytes,XAUT1-HS11,8.47457627118644,04_Treg,UCV
102,10_CD16 Nonclassical monocytes,XAUT1-HS12,4.15335463258786,06_CD8 T,UCV
103,10_CD16 Nonclassical monocytes,XAUT1-HS2,8.173076923076923,07_gd T cells,HC
104,10_CD16 Nonclassical monocytes,XAUT1-HS3,5.768098881695114,02_Plasmablasts,HC
105,10_CD16 Nonclassical monocytes,XAUT1-HS4,3.634298693923907,03_CD4 T,HC
106,10_CD16 Nonclassical monocytes,XAUT1-HS6,8.405296488198042,09_CD14 classical monocytes,UCNB
107,10_CD16 Nonclassical monocytes,XAUT1-HS7,9.804753820033955,13_Platelets,UCNB
108,10_CD16 Nonclassical monocytes,XAUT1-HS8,8.19081908190819,14_Erythrocytes,UCNB
109,10_CD16 Nonclassical monocytes,XAUT1-HS9,6.381534283774609,09_CD14 classical monocytes,UCV
110,11_DC,XAUT1-HS1,1.668520578420467,03_CD4 T,HC
111,11_DC,XAUT1-HS10,1.4979029358897544,10_CD16 Nonclassical monocytes,UCV
112,11_DC,XAUT1-HS11,2.991026919242273,04_Treg,UCV
113,11_DC,XAUT1-HS12,0.8306709265175719,06_CD8 T,UCV
114,11_DC,XAUT1-HS2,1.4102564102564104,07_gd T cells,HC
115,11_DC,XAUT1-HS3,2.0011771630370805,02_Plasmablasts,HC
116,11_DC,XAUT1-HS4,1.362862010221465,03_CD4 T,HC
117,11_DC,XAUT1-HS6,1.1226252158894647,09_CD14 classical monocytes,UCNB
118,11_DC,XAUT1-HS7,1.2733446519524618,13_Platelets,UCNB
119,11_DC,XAUT1-HS8,2.25022502250225,14_Erythrocytes,UCNB
120,11_DC,XAUT1-HS9,0.6109979633401221,09_CD14 classical monocytes,UCV
121,12_pDC and ASDC,XAUT1-HS1,0.44493882091212456,03_CD4 T,HC
122,12_pDC and ASDC,XAUT1-HS10,0.659077291791492,10_CD16 Nonclassical monocytes,UCV
123,12_pDC and ASDC,XAUT1-HS11,1.4955134596211366,04_Treg,UCV
124,12_pDC and ASDC,XAUT1-HS12,0.3194888178913738,06_CD8 T,UCV
125,12_pDC and ASDC,XAUT1-HS2,0.09615384615384616,07_gd T cells,HC
126,12_pDC and ASDC,XAUT1-HS3,0.35314891112419067,02_Plasmablasts,HC
127,12_pDC and ASDC,XAUT1-HS4,0.2839295854628052,03_CD4 T,HC
128,12_pDC and ASDC,XAUT1-HS6,0.17271157167530224,09_CD14 classical monocytes,UCNB
129,12_pDC and ASDC,XAUT1-HS7,0.29711375212224106,13_Platelets,UCNB
130,12_pDC and ASDC,XAUT1-HS8,0.9900990099009901,14_Erythrocytes,UCNB
131,12_pDC and ASDC,XAUT1-HS9,0.20366598778004072,09_CD14 classical monocytes,UCV
132,13_Platelets,XAUT1-HS1,0.8898776418242491,03_CD4 T,HC
133,13_Platelets,XAUT1-HS10,1.018573996405033,10_CD16 Nonclassical monocytes,UCV
134,13_Platelets,XAUT1-HS11,6.779661016949152,04_Treg,UCV
135,13_Platelets,XAUT1-HS12,1.5335463258785942,06_CD8 T,UCV
136,13_Platelets,XAUT1-HS2,1.3782051282051282,07_gd T cells,HC
137,13_Platelets,XAUT1-HS3,1.4714537963507945,02_Plasmablasts,HC
138,13_Platelets,XAUT1-HS4,1.306076093128904,03_CD4 T,HC
139,13_Platelets,XAUT1-HS6,1.0074841681059297,09_CD14 classical monocytes,UCNB
140,13_Platelets,XAUT1-HS7,1.3582342954159592,13_Platelets,UCNB
141,13_Platelets,XAUT1-HS8,1.17011701170117,14_Erythrocytes,UCNB
142,13_Platelets,XAUT1-HS9,1.7651052274270198,09_CD14 classical monocytes,UCV
143,14_Erythrocytes,XAUT1-HS1,1.2235817575083427,03_CD4 T,HC
144,14_Erythrocytes,XAUT1-HS10,1.078490113840623,10_CD16 Nonclassical monocytes,UCV
145,14_Erythrocytes,XAUT1-HS11,4.586241276171486,04_Treg,UCV
146,14_Erythrocytes,XAUT1-HS12,1.34185303514377,06_CD8 T,UCV
147,14_Erythrocytes,XAUT1-HS2,2.33974358974359,07_gd T cells,HC
148,14_Erythrocytes,XAUT1-HS3,2.5897586815773983,02_Plasmablasts,HC
149,14_Erythrocytes,XAUT1-HS4,2.782509937535491,03_CD4 T,HC
150,14_Erythrocytes,XAUT1-HS6,1.6119746689694874,09_CD14 classical monocytes,UCNB
151,14_Erythrocytes,XAUT1-HS7,3.395585738539898,13_Platelets,UCNB
152,14_Erythrocytes,XAUT1-HS8,1.8901890189018902,14_Erythrocytes,UCNB
153,14_Erythrocytes,XAUT1-HS9,3.1907671418873047,09_CD14 classical monocytes,UCV
154,15_Cycling,XAUT1-HS1,0.0,03_CD4 T,HC
155,15_Cycling,XAUT1-HS10,0.7789095266626722,10_CD16 Nonclassical monocytes,UCV
156,15_Cycling,XAUT1-HS11,0.29910269192422734,04_Treg,UCV
157,15_Cycling,XAUT1-HS12,0.44728434504792336,06_CD8 T,UCV
158,15_Cycling,XAUT1-HS2,0.7051282051282052,07_gd T cells,HC
159,15_Cycling,XAUT1-HS3,0.23543260741612712,02_Plasmablasts,HC
160,15_Cycling,XAUT1-HS4,0.2839295854628052,03_CD4 T,HC
161,15_Cycling,XAUT1-HS6,0.28785261945883706,09_CD14 classical monocytes,UCNB
162,15_Cycling,XAUT1-HS7,0.29711375212224106,13_Platelets,UCNB
163,15_Cycling,XAUT1-HS8,0.0,14_Erythrocytes,UCNB
164,15_Cycling,XAUT1-HS9,0.40733197556008144,09_CD14 classical monocytes,UCV
